Model,Fold,R2,MSE,RMSE,MAE
Linear Regression,1,-5.8388950164475935,151137.44301469132,388.763993979241,337.1643888328011
Linear Regression,2,0.387625353312945,6319.844707005291,79.49745094658878,68.77025028442286
Linear Regression,3,-0.20099580572279763,37899.49562394411,194.67792793212104,165.8601242102999
Linear Regression,4,-0.6591845327875618,7569.580022480185,87.00333339867034,64.98948531777157
Linear Regression,5,0.796284509120236,6044.429288010195,77.7459277905293,65.94286346129498
Polynomial Regression,1,-195.83951679385876,4350091.817599578,2085.687372929984,1529.123626975296
Polynomial Regression,2,-1.2718577345683615,23446.085099303964,153.1211451736956,134.56813884929076
Polynomial Regression,3,-2.8805563115685016,122457.65243138962,349.93949824418166,271.1362160376647
Polynomial Regression,4,-1.6401233895736675,12044.847858498142,109.74902213003149,96.1806417971569
Polynomial Regression,5,0.4296596757297628,16922.531248185496,130.08662978256257,109.56789559067938
Decision Tree Regressor,1,-0.9169704925149538,42364.4489170444,205.82625905613793,157.60733900273218
Decision Tree Regressor,2,0.28205948299980654,7409.3083390289685,86.07733928874062,75.42724944498889
Decision Tree Regressor,3,-0.3147686467728723,41489.79400047002,203.69043669369955,153.1629294922679
Decision Tree Regressor,4,-1.3501564310261371,10721.952150862131,103.54685968614466,73.61981149894405
Decision Tree Regressor,5,0.5278104225233026,14010.306723693648,118.36514150582362,91.55253643578283
Random Forest Regressor,1,0.48088007716118086,11472.388092981368,107.10923439639258,86.53555988221953
Random Forest Regressor,2,0.20253461641407822,8230.0229291677,90.71947381443358,80.55447058693593
Random Forest Regressor,3,-0.2569229452192061,39664.37304358521,199.1591651006431,143.53485725204015
Random Forest Regressor,4,-0.8977522113578438,8657.980437279795,93.04826939432992,69.36844499184855
Random Forest Regressor,5,0.6134654092596759,11468.843095878345,107.09268460487087,88.14003584976024
Gradient Boosting Regressor,1,0.42604419582008457,12684.243936859391,112.62434877440754,100.00566440913379
Gradient Boosting Regressor,2,-0.010966524439372849,10433.402938875728,102.1440303633831,91.2712241399495
Gradient Boosting Regressor,3,-0.23790561321720305,39064.24830746655,197.64677661795184,141.75867969179768
Gradient Boosting Regressor,4,-0.817268466100382,8290.795149449445,91.05380359682644,65.60249763261945
Gradient Boosting Regressor,5,0.6421080072802196,10618.990403712389,103.04848569344621,82.96930805002107
