feature,rmse_increase,std
season,100.23790339778034,7.948947097983629
month_cos,69.79912174813498,4.1446845959385055
previous_30_day_kwh,6.625501893568343,1.8222171155680023
month_sin,0.6774601499947763,0.5196034596698035
kitchen_7_day_mean_kwh,0.5518894452226917,0.3476541079229854
previous_day_kwh,0.12449631651576994,0.05655006211984304
laundry_7_day_mean_kwh,-1.1531340925972047,1.2921928322320373
heating_ac_7_day_mean_kwh,-1.5748187553038675,0.3730420282680232
previous_7_day_mean_kwh,-2.1489177278066904,0.5687592662895994
